{
  "canisters": {
    "resolution_voting_dapp_backend": {
      "main": "src/resolution_voting_dapp_backend/main.mo",
      "type": "motoko"
    },
    "resolution_voting_dapp_frontend": {
      "dependencies": [
        "resolution_voting_dapp_backend"
      ],
      "source": [
        "src/resolution_voting_dapp_frontend/dist"
      ],
      "type": "assets",
      "workspace": "resolution_voting_dapp_frontend"
    }
  },
  "defaults": {
    "build": {
      "args": "",
      "packtool": ""
    }
  },
  "output_env_file": ".env",
  "version": 1
}